<?xml version="1.0" encoding="UTF-8" ?>
<!-- Copyright 2020 Eugene Molotov <https://it-projects.info/team/em230418>
     License MIT (https://opensource.org/licenses/MIT). -->
<odoo>
    <record id="max_users_limit" model="base.limit.records_number">
        <field name="name">Limit number of users</field>
        <field name="model_id" ref="base.model_res_users" />
        <field name="max_records" eval="1" />
        <field name="domain">[("is_excluded_from_limiting", "=", False)]</field>
    </record>
</odoo>
