<?xml version="1.0" encoding="UTF-8" ?>
<!-- Copyright 2020 Eugene Molotov <https://it-projects.info/team/em230418>
     License MIT (https://opensource.org/licenses/MIT). -->
<template>
    <t t-extend="AppsMenu">
        <t t-jquery=".dropdown-menu" t-operation="prepend">
            <div
                class="alert alert-info database_block_message"
                style="display: none"
            />
            <div style="display: none">
                <div
                    class="block_ui database_block_message alert alert-danger"
                    onclick="$('a.full').trigger('click');"
                >
                    Your database is blocked
                </div>
            </div>
        </t>
    </t>
</template>
