<?xml version="1.0" encoding="utf-8" ?>
<!-- pylint: disable=file-not-used -->
<odoo noupdate="1">
    <record id="ir_cron_odoo_backup_sh_fetch_notifications" model="ir.cron">
        <field name="name">Odoo-backup.sh: fetch notifications</field>
        <field name="model_id" ref="model_odoo_backup_sh_notification" />
        <field name="state">code</field>
        <field name="code">model.fetch_notifications()</field>
        <field name="interval_number">1</field>
        <field name="interval_type">days</field>
        <field name="numbercall">-1</field>
        <field name="doall" eval="True" />
        <field name="active" eval="True" />
    </record>
    <record id="mail_activity_data_notification" model="mail.activity.type">
        <field name="name">Notification</field>
        <field name="icon">fa-info</field>
    </record>
</odoo>
