<?xml version="1.0" encoding="UTF-8" ?>
<!--
Copyright 2019 Dinar Gabbasov <https://it-projects.info/team/GabbasovDinar>
License MIT (https://opensource.org/licenses/MIT).
-->
<templates id="template" xml:space="preserve">
    <t t-extend="odoo_backup_sh.BackupDashboardMain">
        <t t-jquery=".kanban_group_buttons" t-operation="append">
            <button
                type="button"
                data-service="google_drive"
                class="btn btn-secondary btn-sm"
            >
                Google Drive
            </button>
        </t>
    </t>
    <t t-extend="odoo_backup_sh.config_cards">
        <t t-jquery="#backup_storage_type" t-operation="append">
            <t t-if="config.storage_service == 'google_drive'">Google Drive</t>
        </t>
    </t>
</templates>
