<?xml version="1.0" encoding="UTF-8" ?>
<templates id="template" xml:space="preserve">
    <t t-inherit="point_of_sale.Orderline" t-inherit-mode="extension">
        <xpath expr="//span[hasclass('price')]" position="replace">
            <t t-if="!env.pos.config.include_discount_in_prices">
                <span class="price">
                    <t
                        t-esc="env.pos.format_currency(props.line.get_display_price_without_discount())"
                    />
                </span>
            </t>
            <t t-if="env.pos.config.include_discount_in_prices">
                <span class="price">
                    <t
                        t-esc="env.pos.format_currency(props.line.get_display_price())"
                    />
                </span>
            </t>
        </xpath>
        <xpath expr="//ul[hasclass('info-list')]/t[@t-if][2]/li" position="inside">
            <t t-if="!env.pos.config.include_discount_in_prices">
                <span class="price">
                    <t
                        t-esc="env.pos.format_currency(props.line.get_display_price())"
                    />
                </span>
            </t>
        </xpath>
        <xpath expr="//ul[hasclass('info-list')]/t[@t-if][2]" position="after">
            <t
                t-if="props.line.get_absolute_discount_str() and props.line.get_absolute_discount_str() !== '0'"
            >
                <li class="info">
                    With a
                    <em>
                        <t t-esc='props.line.pos.currency.symbol' />
                        <t t-esc="props.line.get_absolute_discount_str()" />
                    </em>
                    discount
                    <t t-if="!env.pos.config.include_discount_in_prices">
                        <span class="price">
                            <t
                                t-esc="env.pos.format_currency(props.line.get_display_price())"
                            />
                        </span>
                    </t>
                </li>
            </t>
        </xpath>
    </t>
    <t t-inherit="point_of_sale.OrderReceipt" t-inherit-mode="extension">
        <xpath expr="//t[@t-else]/t[@t-if]" position="after">
            <t t-if='line.absolute_discount and line.absolute_discount !== 0'>
                <div class="pos-receipt-left-padding">
                    <left>
                        Discount per Unit:
                        <t t-esc='line.absolute_discount' />
                        <t t-esc='env.pos.currency.symbol' />
                    </left>
                </div>
            </t>
        </xpath>
    </t>
</templates>
